,0,1,2,3,4,5,6,7,8,9,10,11,12,13,14,15,16,17,18,19,20
0,sele0166,sele0211,sel17152,sele0409,sel43,sel42,sel44,sel853,sel16795,sel117,sel51,sele0106,sele0107,sel104,sel100,sele0303,sele0603,sele0606,sele0609,sel14172,sel306
1,sel821,sele0704,sel15814,sel233,sel232,sel36,sel31,sel840,sel16786,sel114,sel52,sel873,sel17453,sele0116,sele0612,sel14157,sel803,sele0124,sel16420,sele0136,sele0133
2,sel16265,sel231,sel230,sel37,sel32,sel33,sel123,sel45,sel46,sel50,sele0405,sel103,sel871,sele0112,sele0122,sele0121,sele0129,sele0607,sele0604,sel811,sel302
3,sel820,sel223,sel221,sel16272,sel16273,sel16773,sele0411,sel35,sel30,sele0210,sel16483,sele0406,sel41,sel49,sel48,sele0104,sel102,sele0509,sele0111,sel808,sel301
4,sel34,sel38,sel39,sel847,sel14046,sel40,sel47,sele0170,sele0203,sel213,sel116,sel16539,sel872,sele0114,sele0110,sel883,sele0126,sel310,sel891,sel307,sel308
