,0,1,2,3,4,5,6,7,8,9,10,11,12,13,14,15,16,17,18,19,20,21,22,23,24,25,26,27,28,29,30,31,32,33,34,35,36,37,38,39,40,41,42,43,44,45,46,47,48,49,50,51,52,53,54,55,56,57,58,59,60,61,62,63,64,65,66,67,68,69,70,71,72,73,74,75,76,77,78,79,80,81,82,83
0,sel820,sel821,sel223,sel221,sele0704,sel15814,sel16265,sel231,sel230,sel233,sel232,sel16272,sel16273,sel16773,sele0411,sel34,sel35,sel36,sel37,sel30,sel31,sel32,sel33,sel38,sel39,sel840,sel847,sele0210,sel14046,sel16483,sel16786,sele0406,sel123,sel41,sel40,sel45,sel47,sel46,sel49,sel48,sele0170,sele0203,sel213,sel114,sel116,sel52,sel50,sel16539,sele0405,sele0104,sel103,sel102,sele0509,sel873,sel872,sel871,sel17453,sele0116,sele0114,sele0112,sele0111,sele0110,sele0612,sel14157,sel883,sele0122,sele0121,sele0126,sel803,sele0124,sele0129,sel808,sele0607,sele0604,sel16420,sel310,sel891,sele0136,sel811,sele0133,sel307,sel301,sel302,sel308
1,sel820,sel223,sel221,sel16265,sel231,sel230,sel16272,sel16273,sel16773,sele0411,sel34,sel35,sel37,sel30,sel32,sel33,sel38,sel39,sel847,sele0166,sele0210,sele0211,sel14046,sel16483,sel17152,sele0406,sele0409,sel123,sel41,sel40,sel43,sel42,sel45,sel44,sel47,sel46,sel49,sel48,sele0170,sel853,sele0203,sel213,sel16795,sel116,sel117,sel50,sel51,sel16539,sele0405,sele0104,sele0106,sele0107,sel104,sel103,sel102,sel100,sele0509,sel872,sel871,sele0114,sele0112,sele0111,sele0110,sele0303,sel883,sele0122,sele0121,sele0126,sele0129,sel808,sele0603,sele0607,sele0606,sele0604,sele0609,sel310,sel891,sel811,sel14172,sel307,sel306,sel301,sel302,sel308
2,sel820,sel821,sel223,sel221,sele0704,sel15814,sel233,sel232,sel16272,sel16273,sel16773,sele0411,sel34,sel35,sel36,sel30,sel31,sel38,sel39,sel840,sel847,sele0166,sele0210,sele0211,sel14046,sel16483,sel17152,sel16786,sele0406,sele0409,sel41,sel40,sel43,sel42,sel44,sel47,sel49,sel48,sele0170,sel853,sele0203,sel213,sel16795,sel114,sel116,sel117,sel52,sel51,sel16539,sele0104,sele0106,sele0107,sel104,sel102,sel100,sele0509,sel873,sel872,sel17453,sele0116,sele0114,sele0111,sele0110,sele0612,sel14157,sele0303,sel883,sele0126,sel803,sele0124,sel808,sele0603,sele0606,sel16420,sele0609,sel310,sel891,sele0136,sele0133,sel14172,sel307,sel306,sel301,sel308
3,sel821,sele0704,sel15814,sel16265,sel231,sel230,sel233,sel232,sel34,sel36,sel37,sel31,sel32,sel33,sel38,sel39,sel840,sel847,sele0166,sele0211,sel14046,sel17152,sel16786,sele0409,sel123,sel40,sel43,sel42,sel45,sel44,sel47,sel46,sele0170,sel853,sele0203,sel213,sel16795,sel114,sel116,sel117,sel52,sel50,sel51,sel16539,sele0405,sele0106,sele0107,sel104,sel103,sel100,sel873,sel872,sel871,sel17453,sele0116,sele0114,sele0112,sele0110,sele0612,sel14157,sele0303,sel883,sele0122,sele0121,sele0126,sel803,sele0124,sele0129,sele0603,sele0607,sele0606,sele0604,sel16420,sele0609,sel310,sel891,sele0136,sel811,sele0133,sel14172,sel307,sel306,sel302,sel308
4,sel820,sel821,sel223,sel221,sele0704,sel15814,sel16265,sel231,sel230,sel233,sel232,sel16272,sel16273,sel16773,sele0411,sel35,sel36,sel37,sel30,sel31,sel32,sel33,sel840,sele0166,sele0210,sele0211,sel16483,sel17152,sel16786,sele0406,sele0409,sel123,sel41,sel43,sel42,sel45,sel44,sel46,sel49,sel48,sel853,sel16795,sel114,sel117,sel52,sel50,sel51,sele0405,sele0104,sele0106,sele0107,sel104,sel103,sel102,sel100,sele0509,sel873,sel871,sel17453,sele0116,sele0112,sele0111,sele0612,sel14157,sele0303,sele0122,sele0121,sel803,sele0124,sele0129,sel808,sele0603,sele0607,sele0606,sele0604,sel16420,sele0609,sele0136,sel811,sele0133,sel14172,sel306,sel301,sel302
